unique_Storage,unique_Brand,unique_OS,unique_processor,unique_rams
256 GB SSD,Lenovo,64 bit Windows 11 Operating System,Intel Core i3 Processor,8 GB DDR4 RAM
512 GB SSD,ASUS,64 bit Windows 10 Operating System,AMD Ryzen 5 Hexa Core Processor,16 GB DDR4 RAM
1 TB HDD256 GB SSD,HP,,Intel Core i5 Processor,16 GB DDR5 RAM
1 TB SSD,DELL,32 bit Windows 11 Operating System,Processor,4 GB LPDDR4 RAM
256 GB HDD256 GB SSD,RedmiBook,,Finger Print Sensor for Faster System AccessLight Laptop without Optical Disk DriveIntel Core i3 Processor,4 GB DDR4 RAM
,realme,,AMD Ryzen 7 Quad Core Processor,
1 TB HDD,acer,,AMD Ryzen 5 Quad Core Processor,8 GB LPDDR4X RAM
128 GB SSD,MSI,,AMD Ryzen 9 Octa Core Processor,4 GB LPDDR4X RAM
1 TB HDD512 GB SSD,APPLE,,AMD Ryzen 7 Octa Core Processor,16 GB LPDDR4X RAM
128 GB SSD1 TB HDD128 GB SSD,Infinix,,Apple M1 Processor,16 GB LPDDR5 RAM
2 TB SSD,SAMSUNG,,Intel Celeron Dual Core Processor,16 GB LPDDR4 RAM
,Ultimus,,AMD Ryzen 3 Dual Core Processor,32 GB DDR5 RAM
,Vaio,,Free upgrade to Windows 11 when availableAMD Ryzen 5 Hexa Core Processor,512 GB and RAM8 GB DDR4 RAM
,GIGABYTE,,AMD Athlon Dual Core Processor,8 GB DDR5 RAM
,Nokia,,Powered by 11th Gen Intel Evo Core i5 Processor,32 GB DDR4 RAM
,ALIENWARE,,Free upgrade to Windows 11 when availableIntel Core i5 Processor,32 GB LPDDR4X RAM
,,,AMD Ryzen 3 Quad Core Processor,16 GB LPDDR3 RAM
,,,Apple M2 Processor,
,,,Intel Celeron Quad Core Processor,
,,,Intel Core i7 Processor,
,,,Apple M1 Pro Processor,
,,,Qualcomm Snapdragon 7c Gen 2 Processor,
,,,Alienware Command CenterAMD Ryzen 7 Octa Core Processor,
,,,Apple M1 Max Processor,
,,,Intel Core i9 Processor,
,,,installed Genuine Windows 10 Home OSIntel Core i7 Processor,
,,,Intel Pentium Silver Processor,
,,,Alienware Command CenterIntel Core i5 Processor,
,,,AMD Ryzen 5 Dual Core Processor,
,,,Intel Pentium Quad Core Processor,
,,,Dual Fan Cooling with Metal AeroBlade 3D128 GB SSD for Reduced Boot Up Time and in Game LoadingUpgradable SSD Upto 512 GB and RAM Upto 32 GBNVIDIA Geforce GTX 1050Ti for Desktop Level PerformanceIntel Core i5 Processor,
,,,AMD Dual Core Processor,
,,,AMD Ryzen 3 Hexa Core Processor,
,,,built Alienware Command center software with enhanced control over system settingsIntel Core i9 Processor,
,,,First Ever ScreenpadNVIDIA GeForce GTX 1050 TiIntel Core i7 Processor,
,,,NVIDIA Geforce GTX 1050 Ti for Desktop Level PerformanceOptimized Dolby Audio Premium Sound Enhancement128 GB SSD Capacity for Reduced Boot Up Time and in Game LoadingDual Fan Cooling with Metal AeroBlade for Interuption Free GamingFineTip Backlit Keyboard with Independent Standard Numeric KeypadIntel Core i5 Processor,
,,,Alienware Command CenterAMD Ryzen 5 Hexa Core Processor,
,,,built Alienware Command center software with enhanced control over system settingsIntel Core i7 Processor,
